"Reģions","Dzimums","Valoda","Visi vecumi","0–4","5–9","10–14","15–19","20–24","25–29","30–34","35–39","40–44","45–49","50–54","55–59","60–64","65–69","70–74","75–79","80–84","85–89","90+"
"Latvija","abi","Visas",2070371,107402,96974,89774,120371,154894,147978,134532,142546,141290,148015,153017,132702,120420,105179,109228,76721,55969,25851,7508
"Latvija","abi","Latviešu",1164894,66937,59591,56834,79840,91813,81174,72398,78693,78244,77630,76863,64868,58235,65522,60309,44985,31744,14699,4515
"Latvija","abi","Krievu",698757,29531,27205,24428,30591,46826,47111,44334,46894,47202,54278,60452,55490,52072,32239,41769,26859,20236,8971,2269
"Latvija","abi","Baltkrievu",637,13,11,11,8,26,25,28,28,20,39,49,32,33,42,91,84,61,27,9
"Latvija","abi","Ukraiņu",1664,31,22,32,45,86,95,78,59,79,190,252,187,162,99,117,49,49,21,11
"Latvija","abi","Poļu",1774,31,29,29,66,81,79,63,74,88,121,115,87,116,164,177,189,137,100,28
"Latvija","abi","Lietuviešu",2164,52,36,52,73,111,98,93,124,133,165,172,128,149,165,198,194,139,59,23
"Latvija","abi","Cita valoda",6922,485,491,432,464,554,694,572,518,582,505,458,343,300,185,168,87,54,22,8
"Latvija","abi","Nav norādīts",193559,10322,9589,7956,9284,15397,18702,16966,16156,14942,15087,14656,11567,9353,6763,6399,4274,3549,1952,645
"Latvija","vīrieši","Visas",946102,54782,49678,46046,61489,79049,75450,67721,70605,68615,70396,70769,58493,50029,40326,38253,23560,14716,4760,1365
"Latvija","vīrieši","Latviešu",529064,34162,30502,29055,40774,46577,40857,35545,37952,37329,36566,35369,28622,23926,24822,21061,13958,8413,2769,805
"Latvija","vīrieši","Krievu",315346,14986,13994,12640,15848,24442,24366,22665,23452,22658,25400,27409,23816,21400,12334,14521,8053,5319,1601,442
"Latvija","vīrieši","Baltkrievu",248,6,7,7,3,16,14,16,15,12,20,22,11,13,17,23,23,18,5,0
"Latvija","vīrieši","Ukraiņu",781,13,9,14,22,52,57,38,34,31,84,122,105,69,56,34,21,17,1,2
"Latvija","vīrieši","Poļu",634,14,10,15,37,53,34,34,34,51,49,48,33,34,47,40,50,27,22,2
"Latvija","vīrieši","Lietuviešu",968,32,25,26,38,65,53,41,66,67,83,85,57,70,50,85,67,41,12,5
"Latvija","vīrieši","Cita valoda",3518,269,234,238,268,278,324,276,269,298,247,244,178,164,87,88,34,13,8,1
"Latvija","vīrieši","Nav norādīts",95543,5300,4897,4051,4499,7566,9745,9106,8783,8169,7947,7470,5671,4353,2913,2401,1354,868,342,108
"Latvija","sievietes","Visas",1124269,52620,47296,43728,58882,75845,72528,66811,71941,72675,77619,82248,74209,70391,64853,70975,53161,41253,21091,6143
"Latvija","sievietes","Latviešu",635830,32775,29089,27779,39066,45236,40317,36853,40741,40915,41064,41494,36246,34309,40700,39248,31027,23331,11930,3710
"Latvija","sievietes","Krievu",383411,14545,13211,11788,14743,22384,22745,21669,23442,24544,28878,33043,31674,30672,19905,27248,18806,14917,7370,1827
"Latvija","sievietes","Baltkrievu",389,7,4,4,5,10,11,12,13,8,19,27,21,20,25,68,61,43,22,9
"Latvija","sievietes","Ukraiņu",883,18,13,18,23,34,38,40,25,48,106,130,82,93,43,83,28,32,20,9
"Latvija","sievietes","Poļu",1140,17,19,14,29,28,45,29,40,37,72,67,54,82,117,137,139,110,78,26
"Latvija","sievietes","Lietuviešu",1196,20,11,26,35,46,45,52,58,66,82,87,71,79,115,113,127,98,47,18
"Latvija","sievietes","Cita valoda",3404,216,257,194,196,276,370,296,249,284,258,214,165,136,98,80,53,41,14,7
"Latvija","sievietes","Nav norādīts",98016,5022,4692,3905,4785,7831,8957,7860,7373,6773,7140,7186,5896,5000,3850,3998,2920,2681,1610,537
"Rīgas reģions","abi","Visas",658640,34265,28190,23015,29953,49356,55075,48396,46522,43190,45923,48740,43473,40151,31006,35883,24405,19530,9073,2494
"Rīgas reģions","abi","Latviešu",254188,16177,12099,9671,13645,21676,23427,19630,18602,16178,15010,14515,12427,11547,14259,13269,10053,7534,3485,984
"Rīgas reģions","abi","Krievu",326478,14104,12454,10564,13321,22717,24478,21869,21362,20998,24627,28001,25855,24250,13741,19525,12412,10320,4670,1210
"Rīgas reģions","abi","Baltkrievu",227,5,5,6,6,13,17,14,10,10,14,25,15,14,8,25,17,17,5,1
"Rīgas reģions","abi","Ukraiņu",702,14,12,15,16,38,44,35,28,34,73,104,57,72,38,56,25,21,14,6
"Rīgas reģions","abi","Poļu",496,11,9,11,23,24,31,18,26,31,32,36,30,35,46,30,41,22,30,10
"Rīgas reģions","abi","Lietuviešu",563,12,14,15,21,47,38,32,31,43,43,39,33,29,37,40,42,29,12,6
"Rīgas reģions","abi","Cita valoda",2477,131,141,93,134,244,306,230,198,218,201,181,124,107,58,59,23,13,12,4
"Rīgas reģions","abi","Nav norādīts",73509,3811,3456,2640,2787,4597,6734,6568,6265,5678,5923,5839,4932,4097,2819,2879,1792,1574,845,273
"Rīgas reģions","vīrieši","Visas",290117,17510,14473,11867,15097,24020,26981,23732,22575,20038,20801,21185,18004,15694,11103,12172,7363,5301,1715,486
"Rīgas reģions","vīrieši","Latviešu",108859,8223,6242,4962,6733,10091,11016,9197,8598,7256,6537,5965,4831,4119,4832,4315,3047,2033,688,174
"Rīgas reģions","vīrieši","Krievu",143979,7218,6378,5478,6894,11504,12358,10963,10485,9570,11095,12179,10761,9662,5055,6724,3717,2821,862,255
"Rīgas reģions","vīrieši","Baltkrievu",100,3,4,3,3,7,9,9,4,5,8,11,6,5,4,8,7,4,0,0
"Rīgas reģions","vīrieši","Ukraiņu",313,5,6,5,7,23,26,15,15,15,32,51,35,24,21,15,11,7,0,0
"Rīgas reģions","vīrieši","Poļu",196,4,5,3,13,15,19,12,11,22,10,15,10,12,12,8,14,3,7,1
"Rīgas reģions","vīrieši","Lietuviešu",250,6,9,9,10,29,20,13,11,25,22,21,11,11,8,16,15,10,2,2
"Rīgas reģions","vīrieši","Cita valoda",1312,68,67,48,76,131,147,124,112,119,100,98,73,63,34,31,10,6,4,1
"Rīgas reģions","vīrieši","Nav norādīts",35108,1983,1762,1359,1361,2220,3386,3399,3339,3026,2997,2845,2277,1798,1137,1055,542,417,152,53
"Rīgas reģions","sievietes","Visas",368523,16755,13717,11148,14856,25336,28094,24664,23947,23152,25122,27555,25469,24457,19903,23711,17042,14229,7358,2008
"Rīgas reģions","sievietes","Latviešu",145329,7954,5857,4709,6912,11585,12411,10433,10004,8922,8473,8550,7596,7428,9427,8954,7006,5501,2797,810
"Rīgas reģions","sievietes","Krievu",182499,6886,6076,5086,6427,11213,12120,10906,10877,11428,13532,15822,15094,14588,8686,12801,8695,7499,3808,955
"Rīgas reģions","sievietes","Baltkrievu",127,2,1,3,3,6,8,5,6,5,6,14,9,9,4,17,10,13,5,1
"Rīgas reģions","sievietes","Ukraiņu",389,9,6,10,9,15,18,20,13,19,41,53,22,48,17,41,14,14,14,6
"Rīgas reģions","sievietes","Poļu",300,7,4,8,10,9,12,6,15,9,22,21,20,23,34,22,27,19,23,9
"Rīgas reģions","sievietes","Lietuviešu",313,6,5,6,11,18,18,19,20,18,21,18,22,18,29,24,27,19,10,4
"Rīgas reģions","sievietes","Cita valoda",1165,63,74,45,58,113,159,106,86,99,101,83,51,44,24,28,13,7,8,3
"Rīgas reģions","sievietes","Nav norādīts",38401,1828,1694,1281,1426,2377,3348,3169,2926,2652,2926,2994,2655,2299,1682,1824,1250,1157,693,220
"Pierīgas reģions","abi","Visas",371431,22703,19568,17226,22251,26304,26554,26486,28048,25526,25480,26024,22550,20610,18663,18057,12039,8216,3915,1211
"Pierīgas reģions","abi","Latviešu",249505,16417,14017,12470,16756,18279,17370,17341,18423,16925,16130,15924,13574,12277,13602,12226,8501,5648,2726,899
"Pierīgas reģions","abi","Krievu",87769,4279,3673,3177,3751,5478,6011,6105,6535,5975,6748,7595,6989,6752,3868,4789,2876,2050,912,206
"Pierīgas reģions","abi","Baltkrievu",95,5,2,2,0,1,4,5,4,3,7,6,6,4,11,11,10,8,5,1
"Pierīgas reģions","abi","Ukraiņu",277,4,2,1,9,12,16,13,13,15,37,38,27,31,15,18,7,16,2,1
"Pierīgas reģions","abi","Poļu",109,4,3,1,2,7,3,10,10,8,7,6,7,5,12,5,10,4,3,2
"Pierīgas reģions","abi","Lietuviešu",171,12,4,6,3,6,11,13,17,9,14,16,7,8,6,11,10,11,6,1
"Pierīgas reģions","abi","Cita valoda",1272,98,99,92,72,88,126,113,100,111,101,85,58,50,33,27,12,7,0,0
"Pierīgas reģions","abi","Nav norādīts",32233,1884,1768,1477,1658,2433,3013,2886,2946,2480,2436,2354,1882,1483,1116,970,613,472,261,101
"Pierīgas reģions","vīrieši","Visas",172495,11595,10035,8828,11428,13483,13312,13231,13877,12754,12212,12166,10034,8668,7346,6566,3807,2213,731,209
"Pierīgas reģions","vīrieši","Latviešu",115230,8409,7207,6350,8618,9334,8634,8532,8954,8318,7681,7345,6044,5059,5277,4443,2735,1595,538,157
"Pierīgas reģions","vīrieši","Krievu",40102,2151,1876,1657,1965,2877,3021,3069,3236,2960,3172,3529,3011,2834,1527,1710,846,492,138,31
"Pierīgas reģions","vīrieši","Baltkrievu",34,2,0,2,0,1,2,2,3,2,4,3,1,2,4,3,1,2,0,0
"Pierīgas reģions","vīrieši","Ukraiņu",137,2,0,1,5,7,11,8,6,8,15,22,11,17,7,5,5,5,1,1
"Pierīgas reģions","vīrieši","Poļu",44,1,1,1,1,5,0,6,5,4,4,3,4,2,3,1,2,1,0,0
"Pierīgas reģions","vīrieši","Lietuviešu",78,9,3,4,2,5,4,5,9,2,7,7,4,4,3,5,2,2,1,0
"Pierīgas reģions","vīrieši","Cita valoda",641,57,48,48,42,34,53,51,46,61,57,44,30,28,15,18,6,3,0,0
"Pierīgas reģions","vīrieši","Nav norādīts",16229,964,900,765,795,1220,1587,1558,1618,1399,1272,1213,929,722,510,381,210,113,53,20
"Pierīgas reģions","sievietes","Visas",198936,11108,9533,8398,10823,12821,13242,13255,14171,12772,13268,13858,12516,11942,11317,11491,8232,6003,3184,1002
"Pierīgas reģions","sievietes","Latviešu",134275,8008,6810,6120,8138,8945,8736,8809,9469,8607,8449,8579,7530,7218,8325,7783,5766,4053,2188,742
"Pierīgas reģions","sievietes","Krievu",47667,2128,1797,1520,1786,2601,2990,3036,3299,3015,3576,4066,3978,3918,2341,3079,2030,1558,774,175
"Pierīgas reģions","sievietes","Baltkrievu",61,3,2,0,0,0,2,3,1,1,3,3,5,2,7,8,9,6,5,1
"Pierīgas reģions","sievietes","Ukraiņu",140,2,2,0,4,5,5,5,7,7,22,16,16,14,8,13,2,11,1,0
"Pierīgas reģions","sievietes","Poļu",65,3,2,0,1,2,3,4,5,4,3,3,3,3,9,4,8,3,3,2
"Pierīgas reģions","sievietes","Lietuviešu",93,3,1,2,1,1,7,8,8,7,7,9,3,4,3,6,8,9,5,1
"Pierīgas reģions","sievietes","Cita valoda",631,41,51,44,30,54,73,62,54,50,44,41,28,22,18,9,6,4,0,0
"Pierīgas reģions","sievietes","Nav norādīts",16004,920,868,712,863,1213,1426,1328,1328,1081,1164,1141,953,761,606,589,403,359,208,81
"Vidzemes reģions","abi","Visas",211309,9888,9806,10183,15058,16970,13073,11518,13225,14669,15707,15563,12952,11462,11739,11512,8460,5956,2699,869
"Vidzemes reģions","abi","Latviešu",180373,8780,8754,9170,13664,14570,10744,9463,11120,12510,13172,12899,10634,9366,10316,9785,7262,5095,2312,757
"Vidzemes reģions","abi","Krievu",16682,423,397,397,580,934,796,835,993,1067,1451,1640,1546,1523,945,1305,885,633,263,69
"Vidzemes reģions","abi","Baltkrievu",44,0,0,0,0,1,0,1,1,1,5,0,5,4,3,8,8,4,0,3
"Vidzemes reģions","abi","Ukraiņu",169,5,2,6,7,8,14,9,2,8,15,36,24,16,5,4,4,2,2,0
"Vidzemes reģions","abi","Poļu",25,1,1,0,0,2,3,1,0,2,4,1,1,1,3,3,2,0,0,0
"Vidzemes reģions","abi","Lietuviešu",48,3,0,2,0,7,4,1,6,6,1,3,3,3,4,2,2,1,0,0
"Vidzemes reģions","abi","Cita valoda",457,32,28,30,28,33,48,33,39,31,25,28,32,21,14,14,11,6,2,2
"Vidzemes reģions","abi","Nav norādīts",13511,644,624,578,779,1415,1464,1175,1064,1044,1034,956,707,528,449,391,286,215,120,38
"Vidzemes reģions","vīrieši","Visas",98915,5133,4990,5230,7704,8979,6964,6088,6778,7203,7665,7573,6109,4963,4718,4110,2602,1509,447,150
"Vidzemes reģions","vīrieši","Latviešu",83631,4562,4453,4705,7027,7705,5650,4876,5571,6005,6305,6208,4938,3992,4087,3495,2228,1310,383,131
"Vidzemes reģions","vīrieši","Krievu",7901,211,207,219,294,557,503,497,555,573,746,817,744,656,407,438,269,148,47,13
"Vidzemes reģions","vīrieši","Baltkrievu",16,0,0,0,0,0,0,1,0,1,4,0,2,3,0,1,3,1,0,0
"Vidzemes reģions","vīrieši","Ukraiņu",83,2,2,2,4,3,9,4,2,1,7,16,14,12,3,1,1,0,0,0
"Vidzemes reģions","vīrieši","Poļu",8,1,0,0,0,2,1,0,0,0,1,0,0,1,1,0,1,0,0,0
"Vidzemes reģions","vīrieši","Lietuviešu",26,2,0,2,0,5,2,1,5,0,1,2,1,2,2,1,0,0,0,0
"Vidzemes reģions","vīrieši","Cita valoda",229,22,13,20,14,17,20,11,22,20,13,12,15,13,6,5,5,1,0,0
"Vidzemes reģions","vīrieši","Nav norādīts",7021,333,315,282,365,690,779,698,623,603,588,518,395,284,212,169,95,49,17,6
"Vidzemes reģions","sievietes","Visas",112394,4755,4816,4953,7354,7991,6109,5430,6447,7466,8042,7990,6843,6499,7021,7402,5858,4447,2252,719
"Vidzemes reģions","sievietes","Latviešu",96742,4218,4301,4465,6637,6865,5094,4587,5549,6505,6867,6691,5696,5374,6229,6290,5034,3785,1929,626
"Vidzemes reģions","sievietes","Krievu",8781,212,190,178,286,377,293,338,438,494,705,823,802,867,538,867,616,485,216,56
"Vidzemes reģions","sievietes","Baltkrievu",28,0,0,0,0,1,0,0,1,0,1,0,3,1,3,7,5,3,0,3
"Vidzemes reģions","sievietes","Ukraiņu",86,3,0,4,3,5,5,5,0,7,8,20,10,4,2,3,3,2,2,0
"Vidzemes reģions","sievietes","Poļu",17,0,1,0,0,0,2,1,0,2,3,1,1,0,2,3,1,0,0,0
"Vidzemes reģions","sievietes","Lietuviešu",22,1,0,0,0,2,2,0,1,6,0,1,2,1,2,1,2,1,0,0
"Vidzemes reģions","sievietes","Cita valoda",228,10,15,10,14,16,28,22,17,11,12,16,17,8,8,9,6,5,2,2
"Vidzemes reģions","sievietes","Nav norādīts",6490,311,309,296,414,725,685,477,441,441,446,438,312,244,237,222,191,166,103,32
"Kurzemes reģions","abi","Visas",270498,13994,13632,13474,18193,20057,17633,15522,17780,18191,19077,19672,17186,15576,14651,14584,9984,7250,3144,898
"Kurzemes reģions","abi","Latviešu",195314,10701,10153,10434,14516,14643,12122,10644,12503,12891,13165,13454,11739,10527,11473,10282,7565,5425,2369,708
"Kurzemes reģions","abi","Krievu",47213,1744,1917,1760,2076,2892,2731,2620,3117,3161,3808,4170,3953,3757,2245,3412,1841,1347,549,113
"Kurzemes reģions","abi","Baltkrievu",53,0,1,0,1,1,1,2,4,1,3,3,2,6,2,12,5,5,4,0
"Kurzemes reģions","abi","Ukraiņu",262,3,3,8,11,12,7,7,7,11,38,36,43,23,23,15,9,3,2,1
"Kurzemes reģions","abi","Poļu",46,1,1,0,1,1,3,5,3,4,7,1,1,3,2,5,4,2,1,1
"Kurzemes reģions","abi","Lietuviešu",956,19,15,20,31,35,30,33,51,55,70,89,60,84,83,96,98,56,22,9
"Kurzemes reģions","abi","Cita valoda",1149,111,122,78,90,91,87,75,73,94,65,68,49,63,32,29,10,11,1,0
"Kurzemes reģions","abi","Nav norādīts",25505,1415,1420,1174,1467,2382,2652,2136,2022,1974,1921,1851,1339,1113,791,733,452,401,196,66
"Kurzemes reģions","vīrieši","Visas",125261,7121,6915,6933,9297,10475,9195,7882,8829,8887,9220,9223,7719,6623,5759,5178,3230,1998,613,164
"Kurzemes reģions","vīrieši","Latviešu",89830,5457,5150,5412,7430,7642,6307,5275,6085,6137,6270,6269,5291,4469,4472,3649,2412,1501,472,130
"Kurzemes reģions","vīrieši","Krievu",21442,899,988,878,1069,1556,1411,1355,1561,1601,1808,1887,1671,1554,879,1202,623,375,101,24
"Kurzemes reģions","vīrieši","Baltkrievu",20,0,1,0,0,1,1,1,3,1,1,0,1,2,1,1,4,2,0,0
"Kurzemes reģions","vīrieši","Ukraiņu",131,1,0,5,5,9,4,4,4,3,20,19,23,8,16,5,3,2,0,0
"Kurzemes reģions","vīrieši","Poļu",20,1,0,0,0,1,1,3,2,2,5,1,1,0,1,1,1,0,0,0
"Kurzemes reģions","vīrieši","Lietuviešu",437,10,10,8,17,20,16,17,33,28,35,44,31,39,25,42,36,16,7,3
"Kurzemes reģions","vīrieši","Cita valoda",541,54,58,40,55,42,37,39,36,35,27,39,20,29,14,12,2,2,0,0
"Kurzemes reģions","vīrieši","Nav norādīts",12840,699,708,590,721,1204,1418,1188,1105,1080,1054,964,681,522,351,266,149,100,33,7
"Kurzemes reģions","sievietes","Visas",145237,6873,6717,6541,8896,9582,8438,7640,8951,9304,9857,10449,9467,8953,8892,9406,6754,5252,2531,734
"Kurzemes reģions","sievietes","Latviešu",105484,5244,5003,5022,7086,7001,5815,5369,6418,6754,6895,7185,6448,6058,7001,6633,5153,3924,1897,578
"Kurzemes reģions","sievietes","Krievu",25771,845,929,882,1007,1336,1320,1265,1556,1560,2000,2283,2282,2203,1366,2210,1218,972,448,89
"Kurzemes reģions","sievietes","Baltkrievu",33,0,0,0,1,0,0,1,1,0,2,3,1,4,1,11,1,3,4,0
"Kurzemes reģions","sievietes","Ukraiņu",131,2,3,3,6,3,3,3,3,8,18,17,20,15,7,10,6,1,2,1
"Kurzemes reģions","sievietes","Poļu",26,0,1,0,1,0,2,2,1,2,2,0,0,3,1,4,3,2,1,1
"Kurzemes reģions","sievietes","Lietuviešu",519,9,5,12,14,15,14,16,18,27,35,45,29,45,58,54,62,40,15,6
"Kurzemes reģions","sievietes","Cita valoda",608,57,64,38,35,49,50,36,37,59,38,29,29,34,18,17,8,9,1,0
"Kurzemes reģions","sievietes","Nav norādīts",12665,716,712,584,746,1178,1234,948,917,894,867,887,658,591,440,467,303,301,163,59
"Zemgales reģions","abi","Visas",254461,13176,12620,12136,16775,19947,17422,15616,16992,17687,18171,18707,16093,13920,13199,12854,9149,6248,2891,858
"Zemgales reģions","abi","Latviešu",178466,9942,9520,9386,13180,14394,11681,10304,11667,12247,12068,12050,10395,9182,9912,8919,6493,4356,2110,660
"Zemgales reģions","abi","Krievu",54761,2026,2006,1788,2415,3590,3532,3381,3638,3847,4532,5096,4562,3915,2560,3345,2220,1569,603,136
"Zemgales reģions","abi","Baltkrievu",81,1,0,0,1,5,0,2,5,4,3,2,1,4,7,14,19,9,3,1
"Zemgales reģions","abi","Ukraiņu",163,0,2,1,2,6,9,11,8,6,16,29,26,17,9,11,3,3,1,3
"Zemgales reģions","abi","Poļu",67,0,1,0,2,6,3,4,3,5,5,6,1,2,5,6,4,7,5,2
"Zemgales reģions","abi","Lietuviešu",321,3,1,4,16,10,9,7,14,18,27,22,21,22,26,40,32,34,10,5
"Zemgales reģions","abi","Cita valoda",916,70,69,89,77,53,67,69,61,81,57,54,51,34,30,21,16,13,3,1
"Zemgales reģions","abi","Nav norādīts",19686,1134,1021,868,1082,1883,2121,1838,1596,1479,1463,1448,1036,744,650,498,362,257,156,50
"Zemgales reģions","vīrieši","Visas",119126,6632,6493,6169,8682,10428,9303,8110,8633,8752,8848,8900,7258,6052,5231,4560,2807,1590,529,149
"Zemgales reģions","vīrieši","Latviešu",82455,5023,4860,4735,6802,7506,6091,5154,5707,5906,5767,5638,4617,3938,3891,3164,2021,1114,405,116
"Zemgales reģions","vīrieši","Krievu",25730,1003,1044,917,1276,1973,1978,1888,1985,1963,2212,2434,2048,1684,993,1175,640,401,94,22
"Zemgales reģions","vīrieši","Baltkrievu",32,0,0,0,0,4,0,1,3,3,1,1,0,1,3,4,4,5,2,0
"Zemgales reģions","vīrieši","Ukraiņu",74,0,0,1,1,5,5,4,6,3,6,10,15,7,4,4,1,1,0,1
"Zemgales reģions","vīrieši","Poļu",26,0,0,0,2,6,2,2,1,1,2,2,0,1,2,1,0,1,3,0
"Zemgales reģions","vīrieši","Lietuviešu",132,2,1,1,8,4,7,1,6,11,14,9,8,14,10,17,10,9,0,0
"Zemgales reģions","vīrieši","Cita valoda",455,38,32,53,49,26,34,27,28,39,25,28,23,19,15,11,5,0,3,0
"Zemgales reģions","vīrieši","Nav norādīts",10222,566,556,462,544,904,1186,1033,897,826,821,778,547,388,313,184,126,59,22,10
"Zemgales reģions","sievietes","Visas",135335,6544,6127,5967,8093,9519,8119,7506,8359,8935,9323,9807,8835,7868,7968,8294,6342,4658,2362,709
"Zemgales reģions","sievietes","Latviešu",96011,4919,4660,4651,6378,6888,5590,5150,5960,6341,6301,6412,5778,5244,6021,5755,4472,3242,1705,544
"Zemgales reģions","sievietes","Krievu",29031,1023,962,871,1139,1617,1554,1493,1653,1884,2320,2662,2514,2231,1567,2170,1580,1168,509,114
"Zemgales reģions","sievietes","Baltkrievu",49,1,0,0,1,1,0,1,2,1,2,1,1,3,4,10,15,4,1,1
"Zemgales reģions","sievietes","Ukraiņu",89,0,2,0,1,1,4,7,2,3,10,19,11,10,5,7,2,2,1,2
"Zemgales reģions","sievietes","Poļu",41,0,1,0,0,0,1,2,2,4,3,4,1,1,3,5,4,6,2,2
"Zemgales reģions","sievietes","Lietuviešu",189,1,0,3,8,6,2,6,8,7,13,13,13,8,16,23,22,25,10,5
"Zemgales reģions","sievietes","Cita valoda",461,32,37,36,28,27,33,42,33,42,32,26,28,15,15,10,11,13,0,1
"Zemgales reģions","sievietes","Nav norādīts",9464,568,465,406,538,979,935,805,699,653,642,670,489,356,337,314,236,198,134,40
"Latgales reģions","abi","Visas",304032,13376,13158,13740,18141,22260,18221,16994,19979,22027,23657,24311,20448,18701,15921,16338,12684,8769,4129,1178
"Latgales reģions","abi","Latviešu",107048,4920,5048,5703,8079,8251,5830,5016,6378,7493,8085,8021,6099,5336,5960,5828,5111,3686,1697,507
"Latgales reģions","abi","Krievu",165854,6955,6758,6742,8448,11215,9563,9524,11249,12154,13112,13950,12585,11875,8880,9393,6625,4317,1974,535
"Latgales reģions","abi","Baltkrievu",137,2,3,3,0,5,3,4,4,1,7,13,3,1,11,21,25,18,10,3
"Latgales reģions","abi","Ukraiņu",91,5,1,1,0,10,5,3,1,5,11,9,10,3,9,13,1,4,0,0
"Latgales reģions","abi","Poļu",1031,14,14,17,38,41,36,25,32,38,66,65,47,70,96,128,128,102,61,13
"Latgales reģions","abi","Lietuviešu",105,3,2,5,2,6,6,7,5,2,10,3,4,3,9,9,10,8,9,2
"Latgales reģions","abi","Cita valoda",651,43,32,50,63,45,60,52,47,47,56,42,29,25,18,18,15,4,4,1
"Latgales reģions","abi","Nav norādīts",29115,1434,1300,1219,1511,2687,2718,2363,2263,2287,2310,2208,1671,1388,938,928,769,630,374,117
"Latgales reģions","vīrieši","Visas",140188,6791,6772,7019,9281,11664,9695,8678,9913,10981,11650,11722,9369,8029,6169,5667,3751,2105,725,207
"Latgales reģions","vīrieši","Latviešu",49059,2488,2590,2891,4164,4299,3159,2511,3037,3707,4006,3944,2901,2349,2263,1995,1515,860,283,97
"Latgales reģions","vīrieši","Krievu",76192,3504,3501,3491,4350,5975,5095,4893,5630,5991,6367,6563,5581,5010,3473,3272,1958,1082,359,97
"Latgales reģions","vīrieši","Baltkrievu",46,1,2,2,0,3,2,2,2,0,2,7,1,0,5,6,4,4,3,0
"Latgales reģions","vīrieši","Ukraiņu",43,3,1,0,0,5,2,3,1,1,4,4,7,1,5,4,0,2,0,0
"Latgales reģions","vīrieši","Poļu",340,7,4,11,21,24,11,11,15,22,27,27,18,18,28,29,32,22,12,1
"Latgales reģions","vīrieši","Lietuviešu",45,3,2,2,1,2,4,4,2,1,4,2,2,0,2,4,4,4,2,0
"Latgales reģions","vīrieši","Cita valoda",340,30,16,29,32,28,33,24,25,24,25,23,17,12,3,11,6,1,1,0
"Latgales reģions","vīrieši","Nav norādīts",14123,755,656,593,713,1328,1389,1230,1201,1235,1215,1152,842,639,390,346,232,130,65,12
"Latgales reģions","sievietes","Visas",163844,6585,6386,6721,8860,10596,8526,8316,10066,11046,12007,12589,11079,10672,9752,10671,8933,6664,3404,971
"Latgales reģions","sievietes","Latviešu",57989,2432,2458,2812,3915,3952,2671,2505,3341,3786,4079,4077,3198,2987,3697,3833,3596,2826,1414,410
"Latgales reģions","sievietes","Krievu",89662,3451,3257,3251,4098,5240,4468,4631,5619,6163,6745,7387,7004,6865,5407,6121,4667,3235,1615,438
"Latgales reģions","sievietes","Baltkrievu",91,1,1,1,0,2,1,2,2,1,5,6,2,1,6,15,21,14,7,3
"Latgales reģions","sievietes","Ukraiņu",48,2,0,1,0,5,3,0,0,4,7,5,3,2,4,9,1,2,0,0
"Latgales reģions","sievietes","Poļu",691,7,10,6,17,17,25,14,17,16,39,38,29,52,68,99,96,80,49,12
"Latgales reģions","sievietes","Lietuviešu",60,0,0,3,1,4,2,3,3,1,6,1,2,3,7,5,6,4,7,2
"Latgales reģions","sievietes","Cita valoda",311,13,16,21,31,17,27,28,22,23,31,19,12,13,15,7,9,3,3,1
"Latgales reģions","sievietes","Nav norādīts",14992,679,644,626,798,1359,1329,1133,1062,1052,1095,1056,829,749,548,582,537,500,309,105
"Rīga","abi","Visas",658640,34265,28190,23015,29953,49356,55075,48396,46522,43190,45923,48740,43473,40151,31006,35883,24405,19530,9073,2494
"Rīga","abi","Latviešu",254188,16177,12099,9671,13645,21676,23427,19630,18602,16178,15010,14515,12427,11547,14259,13269,10053,7534,3485,984
"Rīga","abi","Krievu",326478,14104,12454,10564,13321,22717,24478,21869,21362,20998,24627,28001,25855,24250,13741,19525,12412,10320,4670,1210
"Rīga","abi","Baltkrievu",227,5,5,6,6,13,17,14,10,10,14,25,15,14,8,25,17,17,5,1
"Rīga","abi","Ukraiņu",702,14,12,15,16,38,44,35,28,34,73,104,57,72,38,56,25,21,14,6
"Rīga","abi","Poļu",496,11,9,11,23,24,31,18,26,31,32,36,30,35,46,30,41,22,30,10
"Rīga","abi","Lietuviešu",563,12,14,15,21,47,38,32,31,43,43,39,33,29,37,40,42,29,12,6
"Rīga","abi","Cita valoda",2477,131,141,93,134,244,306,230,198,218,201,181,124,107,58,59,23,13,12,4
"Rīga","abi","Nav norādīts",73509,3811,3456,2640,2787,4597,6734,6568,6265,5678,5923,5839,4932,4097,2819,2879,1792,1574,845,273
"Rīga","vīrieši","Visas",290117,17510,14473,11867,15097,24020,26981,23732,22575,20038,20801,21185,18004,15694,11103,12172,7363,5301,1715,486
"Rīga","vīrieši","Latviešu",108859,8223,6242,4962,6733,10091,11016,9197,8598,7256,6537,5965,4831,4119,4832,4315,3047,2033,688,174
"Rīga","vīrieši","Krievu",143979,7218,6378,5478,6894,11504,12358,10963,10485,9570,11095,12179,10761,9662,5055,6724,3717,2821,862,255
"Rīga","vīrieši","Baltkrievu",100,3,4,3,3,7,9,9,4,5,8,11,6,5,4,8,7,4,0,0
"Rīga","vīrieši","Ukraiņu",313,5,6,5,7,23,26,15,15,15,32,51,35,24,21,15,11,7,0,0
"Rīga","vīrieši","Poļu",196,4,5,3,13,15,19,12,11,22,10,15,10,12,12,8,14,3,7,1
"Rīga","vīrieši","Lietuviešu",250,6,9,9,10,29,20,13,11,25,22,21,11,11,8,16,15,10,2,2
"Rīga","vīrieši","Cita valoda",1312,68,67,48,76,131,147,124,112,119,100,98,73,63,34,31,10,6,4,1
"Rīga","vīrieši","Nav norādīts",35108,1983,1762,1359,1361,2220,3386,3399,3339,3026,2997,2845,2277,1798,1137,1055,542,417,152,53
"Rīga","sievietes","Visas",368523,16755,13717,11148,14856,25336,28094,24664,23947,23152,25122,27555,25469,24457,19903,23711,17042,14229,7358,2008
"Rīga","sievietes","Latviešu",145329,7954,5857,4709,6912,11585,12411,10433,10004,8922,8473,8550,7596,7428,9427,8954,7006,5501,2797,810
"Rīga","sievietes","Krievu",182499,6886,6076,5086,6427,11213,12120,10906,10877,11428,13532,15822,15094,14588,8686,12801,8695,7499,3808,955
"Rīga","sievietes","Baltkrievu",127,2,1,3,3,6,8,5,6,5,6,14,9,9,4,17,10,13,5,1
"Rīga","sievietes","Ukraiņu",389,9,6,10,9,15,18,20,13,19,41,53,22,48,17,41,14,14,14,6
"Rīga","sievietes","Poļu",300,7,4,8,10,9,12,6,15,9,22,21,20,23,34,22,27,19,23,9
"Rīga","sievietes","Lietuviešu",313,6,5,6,11,18,18,19,20,18,21,18,22,18,29,24,27,19,10,4
"Rīga","sievietes","Cita valoda",1165,63,74,45,58,113,159,106,86,99,101,83,51,44,24,28,13,7,8,3
"Rīga","sievietes","Nav norādīts",38401,1828,1694,1281,1426,2377,3348,3169,2926,2652,2926,2994,2655,2299,1682,1824,1250,1157,693,220
"Daugavpils","abi","Visas",93312,4467,3864,3637,4749,7085,6183,5886,6384,7132,7115,7194,6316,6094,4731,4916,3598,2547,1138,276
"Daugavpils","abi","Latviešu",8071,543,432,396,530,724,591,525,535,550,498,472,373,308,371,382,375,317,118,31
"Daugavpils","abi","Krievu",73600,3296,2929,2750,3687,5451,4648,4424,4963,5634,5647,5815,5247,5181,3936,4111,2858,1941,866,216
"Daugavpils","abi","Baltkrievu",63,0,1,1,0,5,2,1,2,1,4,7,3,0,6,8,10,7,4,1
"Daugavpils","abi","Ukraiņu",36,3,0,0,0,1,3,1,1,2,4,4,2,1,3,8,0,3,0,0
"Daugavpils","abi","Poļu",788,12,12,14,34,34,28,20,27,32,55,48,31,56,78,92,89,77,42,7
"Daugavpils","abi","Lietuviešu",47,1,0,2,1,2,2,4,1,1,5,1,3,2,4,5,7,2,3,1
"Daugavpils","abi","Cita valoda",230,19,8,11,18,17,29,20,21,15,23,11,11,11,7,3,4,0,2,0
"Daugavpils","abi","Nav norādīts",10477,593,482,463,479,851,880,891,834,897,879,836,646,535,326,307,255,200,103,20
"Daugavpils","vīrieši","Visas",41728,2326,1965,1873,2385,3615,3222,2946,3034,3493,3320,3205,2662,2305,1736,1670,1037,657,228,49
"Daugavpils","vīrieši","Latviešu",3509,292,228,207,257,351,308,237,243,262,230,196,160,97,122,116,88,84,24,7
"Daugavpils","vīrieši","Krievu",33015,1688,1492,1415,1875,2834,2467,2256,2398,2746,2651,2591,2178,1990,1465,1408,849,507,169,36
"Daugavpils","vīrieši","Baltkrievu",25,0,1,1,0,3,1,0,2,0,2,4,1,0,2,3,1,2,2,0
"Daugavpils","vīrieši","Ukraiņu",18,2,0,0,0,1,2,1,1,0,2,1,2,0,1,3,0,2,0,0
"Daugavpils","vīrieši","Poļu",262,7,3,9,19,18,9,9,13,19,21,20,11,12,23,23,20,16,9,1
"Daugavpils","vīrieši","Lietuviešu",22,1,0,1,1,2,1,3,0,0,2,1,2,0,0,1,4,1,2,0
"Daugavpils","vīrieši","Cita valoda",123,14,3,7,10,11,17,12,8,8,11,6,7,6,0,3,0,0,0,0
"Daugavpils","vīrieši","Nav norādīts",4754,322,238,233,223,395,417,428,369,458,401,386,301,200,123,113,75,45,22,5
"Daugavpils","sievietes","Visas",51584,2141,1899,1764,2364,3470,2961,2940,3350,3639,3795,3989,3654,3789,2995,3246,2561,1890,910,227
"Daugavpils","sievietes","Latviešu",4562,251,204,189,273,373,283,288,292,288,268,276,213,211,249,266,287,233,94,24
"Daugavpils","sievietes","Krievu",40585,1608,1437,1335,1812,2617,2181,2168,2565,2888,2996,3224,3069,3191,2471,2703,2009,1434,697,180
"Daugavpils","sievietes","Baltkrievu",38,0,0,0,0,2,1,1,0,1,2,3,2,0,4,5,9,5,2,1
"Daugavpils","sievietes","Ukraiņu",18,1,0,0,0,0,1,0,0,2,2,3,0,1,2,5,0,1,0,0
"Daugavpils","sievietes","Poļu",526,5,9,5,15,16,19,11,14,13,34,28,20,44,55,69,69,61,33,6
"Daugavpils","sievietes","Lietuviešu",25,0,0,1,0,0,1,1,1,1,3,0,1,2,4,4,3,1,1,1
"Daugavpils","sievietes","Cita valoda",107,5,5,4,8,6,12,8,13,7,12,5,4,5,7,0,4,0,2,0
"Daugavpils","sievietes","Nav norādīts",5723,271,244,230,256,456,463,463,465,439,478,450,345,335,203,194,180,155,81,15
"Jelgava","abi","Visas",59511,3303,3051,2594,3313,4621,4728,4236,4354,4110,4041,4214,3651,3142,2831,2998,2039,1483,615,187
"Jelgava","abi","Latviešu",31510,2013,1771,1486,2005,2599,2582,2188,2231,2136,1876,1816,1594,1466,1762,1605,1143,782,331,124
"Jelgava","abi","Krievu",22339,940,939,808,1017,1581,1605,1500,1593,1528,1741,1979,1773,1471,901,1246,805,619,246,47
"Jelgava","abi","Baltkrievu",12,0,0,0,1,1,0,1,1,0,0,2,0,1,1,1,1,0,1,1
"Jelgava","abi","Ukraiņu",39,0,2,1,0,2,3,4,3,2,3,4,7,2,2,1,1,0,1,1
"Jelgava","abi","Poļu",15,0,0,0,0,1,0,1,0,1,0,1,0,1,1,4,1,2,0,2
"Jelgava","abi","Lietuviešu",39,0,0,2,3,1,1,2,3,4,6,4,1,0,3,3,3,3,0,0
"Jelgava","abi","Cita valoda",436,31,31,41,29,34,33,31,27,40,26,20,27,16,17,14,7,10,1,1
"Jelgava","abi","Nav norādīts",5121,319,308,256,258,402,504,509,496,399,389,388,249,185,144,124,78,67,35,11
"Jelgava","vīrieši","Visas",27131,1643,1546,1306,1681,2313,2438,2140,2163,1999,1937,1897,1511,1279,1049,1062,626,379,126,36
"Jelgava","vīrieši","Latviešu",14071,1015,902,750,997,1289,1270,1051,1025,995,889,799,634,574,645,571,365,209,66,25
"Jelgava","vīrieši","Krievu",10275,455,467,401,523,830,876,812,864,775,826,900,736,611,327,433,232,146,54,7
"Jelgava","vīrieši","Baltkrievu",5,0,0,0,0,0,0,0,1,0,0,1,0,1,1,0,0,0,1,0
"Jelgava","vīrieši","Ukraiņu",17,0,0,1,0,2,3,1,1,1,2,0,4,0,1,0,0,0,0,1
"Jelgava","vīrieši","Poļu",5,0,0,0,0,1,0,1,0,0,0,0,0,0,1,1,0,1,0,0
"Jelgava","vīrieši","Lietuviešu",13,0,0,0,2,0,1,0,1,1,3,1,0,0,2,0,1,1,0,0
"Jelgava","vīrieši","Cita valoda",203,14,13,19,17,19,17,11,16,19,12,8,13,9,7,7,1,0,1,0
"Jelgava","vīrieši","Nav norādīts",2542,159,164,135,142,172,271,264,255,208,205,188,124,84,65,50,27,22,4,3
"Jelgava","sievietes","Visas",32380,1660,1505,1288,1632,2308,2290,2096,2191,2111,2104,2317,2140,1863,1782,1936,1413,1104,489,151
"Jelgava","sievietes","Latviešu",17439,998,869,736,1008,1310,1312,1137,1206,1141,987,1017,960,892,1117,1034,778,573,265,99
"Jelgava","sievietes","Krievu",12064,485,472,407,494,751,729,688,729,753,915,1079,1037,860,574,813,573,473,192,40
"Jelgava","sievietes","Baltkrievu",7,0,0,0,1,1,0,1,0,0,0,1,0,0,0,1,1,0,0,1
"Jelgava","sievietes","Ukraiņu",22,0,2,0,0,0,0,3,2,1,1,4,3,2,1,1,1,0,1,0
"Jelgava","sievietes","Poļu",10,0,0,0,0,0,0,0,0,1,0,1,0,1,0,3,1,1,0,2
"Jelgava","sievietes","Lietuviešu",26,0,0,2,1,1,0,2,2,3,3,3,1,0,1,3,2,2,0,0
"Jelgava","sievietes","Cita valoda",233,17,18,22,12,15,16,20,11,21,14,12,14,7,10,7,6,10,0,1
"Jelgava","sievietes","Nav norādīts",2579,160,144,121,116,230,233,245,241,191,184,200,125,101,79,74,51,45,31,8
"Jēkabpils","abi","Visas",24635,1351,1226,1151,1462,1881,1786,1548,1749,1760,1760,1855,1578,1393,1157,1219,828,583,267,81
"Jēkabpils","abi","Latviešu",13801,902,760,724,941,1115,947,819,940,964,912,884,768,669,712,674,491,350,175,54
"Jēkabpils","abi","Krievu",8422,307,327,315,387,578,583,525,611,628,679,747,676,624,371,476,280,212,73,23
"Jēkabpils","abi","Baltkrievu",8,0,0,0,0,0,0,0,0,0,0,0,0,0,0,1,2,3,2,0
"Jēkabpils","abi","Ukraiņu",4,0,0,0,0,0,1,0,0,0,1,0,0,0,0,2,0,0,0,0
"Jēkabpils","abi","Poļu",11,0,0,0,0,1,1,0,0,2,1,0,0,0,1,0,2,1,2,0
"Jēkabpils","abi","Lietuviešu",4,0,0,0,1,1,0,0,1,0,0,0,0,0,0,1,0,0,0,0
"Jēkabpils","abi","Cita valoda",168,16,16,20,17,4,11,15,20,13,8,8,6,5,3,1,3,1,1,0
"Jēkabpils","abi","Nav norādīts",2217,126,123,92,116,182,243,189,177,153,159,216,128,95,70,64,50,16,14,4
"Jēkabpils","vīrieši","Visas",11356,670,628,594,766,974,978,821,871,863,814,850,675,546,445,422,234,151,47,7
"Jēkabpils","vīrieši","Latviešu",6127,435,386,364,486,561,497,396,438,456,406,388,315,245,273,228,138,84,29,2
"Jēkabpils","vīrieši","Krievu",4017,160,170,174,201,328,339,308,329,322,318,346,293,253,139,176,80,64,13,4
"Jēkabpils","vīrieši","Baltkrievu",3,0,0,0,0,0,0,0,0,0,0,0,0,0,0,0,1,1,1,0
"Jēkabpils","vīrieši","Ukraiņu",1,0,0,0,0,0,0,0,0,0,0,0,0,0,0,1,0,0,0,0
"Jēkabpils","vīrieši","Poļu",3,0,0,0,0,1,1,0,0,0,0,0,0,0,0,0,0,0,1,0
"Jēkabpils","vīrieši","Lietuviešu",2,0,0,0,1,0,0,0,0,0,0,0,0,0,0,1,0,0,0,0
"Jēkabpils","vīrieši","Cita valoda",92,11,7,14,12,2,6,6,9,8,3,6,1,4,1,1,0,0,1,0
"Jēkabpils","vīrieši","Nav norādīts",1111,64,65,42,66,82,135,111,95,77,87,110,66,44,32,15,15,2,2,1
"Jēkabpils","sievietes","Visas",13279,681,598,557,696,907,808,727,878,897,946,1005,903,847,712,797,594,432,220,74
"Jēkabpils","sievietes","Latviešu",7674,467,374,360,455,554,450,423,502,508,506,496,453,424,439,446,353,266,146,52
"Jēkabpils","sievietes","Krievu",4405,147,157,141,186,250,244,217,282,306,361,401,383,371,232,300,200,148,60,19
"Jēkabpils","sievietes","Baltkrievu",5,0,0,0,0,0,0,0,0,0,0,0,0,0,0,1,1,2,1,0
"Jēkabpils","sievietes","Ukraiņu",3,0,0,0,0,0,1,0,0,0,1,0,0,0,0,1,0,0,0,0
"Jēkabpils","sievietes","Poļu",8,0,0,0,0,0,0,0,0,2,1,0,0,0,1,0,2,1,1,0
"Jēkabpils","sievietes","Lietuviešu",2,0,0,0,0,1,0,0,1,0,0,0,0,0,0,0,0,0,0,0
"Jēkabpils","sievietes","Cita valoda",76,5,9,6,5,2,5,9,11,5,5,2,5,1,2,0,3,1,0,0
"Jēkabpils","sievietes","Nav norādīts",1106,62,58,50,50,100,108,78,82,76,72,106,62,51,38,49,35,14,12,3
"Jūrmala","abi","Visas",50840,2671,2342,2100,2523,3376,3399,3318,3675,3504,3651,3843,3472,3388,2663,2773,1790,1431,710,211
"Jūrmala","abi","Latviešu",22641,1301,1141,1037,1379,1541,1530,1425,1616,1576,1431,1466,1193,1263,1436,1278,883,680,354,111
"Jūrmala","abi","Krievu",21952,1003,868,767,875,1422,1393,1413,1488,1443,1716,1864,1859,1780,971,1294,773,640,299,84
"Jūrmala","abi","Baltkrievu",14,2,1,0,0,0,1,1,1,0,0,0,2,0,2,1,1,2,0,0
"Jūrmala","abi","Ukraiņu",21,0,0,0,0,1,1,2,0,0,6,1,1,3,0,0,3,3,0,0
"Jūrmala","abi","Poļu",22,1,2,0,0,0,0,4,3,0,0,2,2,1,1,2,1,1,2,0
"Jūrmala","abi","Lietuviešu",37,3,3,1,0,2,1,7,1,4,1,3,2,1,0,2,3,3,0,0
"Jūrmala","abi","Cita valoda",368,29,31,32,22,30,32,16,29,34,34,22,14,16,10,11,3,3,0,0
"Jūrmala","abi","Nav norādīts",5785,332,296,263,247,380,441,450,537,447,463,485,399,324,243,185,123,99,55,16
"Jūrmala","vīrieši","Visas",22786,1399,1202,1101,1276,1713,1682,1583,1772,1713,1721,1751,1465,1404,1002,946,515,372,134,35
"Jūrmala","vīrieši","Latviešu",10057,666,592,542,701,780,751,661,749,764,653,649,521,488,540,434,278,191,76,21
"Jūrmala","vīrieši","Krievu",9731,535,454,413,453,737,694,690,731,685,804,852,748,746,357,427,202,147,44,12
"Jūrmala","vīrieši","Baltkrievu",5,1,0,0,0,0,1,0,1,0,0,0,1,0,1,0,0,0,0,0
"Jūrmala","vīrieši","Ukraiņu",9,0,0,0,0,1,1,1,0,0,4,0,0,0,0,0,1,1,0,0
"Jūrmala","vīrieši","Poļu",9,0,1,0,0,0,0,2,2,0,0,2,1,0,0,1,0,0,0,0
"Jūrmala","vīrieši","Lietuviešu",14,1,2,0,0,2,0,2,1,2,1,0,1,1,0,0,0,1,0,0
"Jūrmala","vīrieši","Cita valoda",180,18,17,19,11,14,11,6,10,17,17,11,9,7,3,7,2,1,0,0
"Jūrmala","vīrieši","Nav norādīts",2781,178,136,127,111,179,224,221,278,245,242,237,184,162,101,77,32,31,14,2
"Jūrmala","sievietes","Visas",28054,1272,1140,999,1247,1663,1717,1735,1903,1791,1930,2092,2007,1984,1661,1827,1275,1059,576,176
"Jūrmala","sievietes","Latviešu",12584,635,549,495,678,761,779,764,867,812,778,817,672,775,896,844,605,489,278,90
"Jūrmala","sievietes","Krievu",12221,468,414,354,422,685,699,723,757,758,912,1012,1111,1034,614,867,571,493,255,72
"Jūrmala","sievietes","Baltkrievu",9,1,1,0,0,0,0,1,0,0,0,0,1,0,1,1,1,2,0,0
"Jūrmala","sievietes","Ukraiņu",12,0,0,0,0,0,0,1,0,0,2,1,1,3,0,0,2,2,0,0
"Jūrmala","sievietes","Poļu",13,1,1,0,0,0,0,2,1,0,0,0,1,1,1,1,1,1,2,0
"Jūrmala","sievietes","Lietuviešu",23,2,1,1,0,0,1,5,0,2,0,3,1,0,0,2,3,2,0,0
"Jūrmala","sievietes","Cita valoda",188,11,14,13,11,16,21,10,19,17,17,11,5,9,7,4,1,2,0,0
"Jūrmala","sievietes","Nav norādīts",3004,154,160,136,136,201,217,229,259,202,221,248,215,162,142,108,91,68,41,14
"Liepāja","abi","Visas",76731,4206,4102,3476,4483,5421,5430,4850,5329,5136,5440,5281,4728,4389,3844,4434,2894,2155,889,244
"Liepāja","abi","Latviešu",38406,2506,2241,1944,2700,2819,2766,2462,2699,2502,2319,2136,1931,1835,2252,2025,1540,1130,459,140
"Liepāja","abi","Krievu",29080,1143,1304,1104,1310,1884,1758,1619,1918,1916,2351,2463,2321,2157,1274,2121,1158,853,350,76
"Liepāja","abi","Baltkrievu",10,0,1,0,1,0,0,1,0,1,0,1,0,0,0,4,1,0,0,0
"Liepāja","abi","Ukraiņu",78,2,2,6,4,2,1,4,4,2,8,13,10,3,7,6,2,1,1,0
"Liepāja","abi","Poļu",21,0,1,0,0,0,2,1,2,2,1,1,0,2,2,2,3,1,0,1
"Liepāja","abi","Lietuviešu",316,5,3,8,5,15,13,8,13,21,27,27,14,22,29,38,34,23,6,5
"Liepāja","abi","Cita valoda",153,16,7,10,14,15,16,8,12,13,12,12,4,5,2,4,0,2,1,0
"Liepāja","abi","Nav norādīts",8667,534,543,404,449,686,874,747,681,679,722,628,448,365,278,234,156,145,72,22
"Liepāja","vīrieši","Visas",34322,2132,2062,1802,2249,2702,2724,2417,2607,2431,2544,2353,1976,1697,1377,1471,942,627,168,41
"Liepāja","vīrieši","Latviešu",16754,1254,1112,1030,1345,1343,1396,1176,1251,1102,1040,901,786,673,793,643,478,326,86,19
"Liepāja","vīrieši","Krievu",13102,595,675,557,673,1001,892,835,962,949,1103,1113,959,860,460,728,398,253,70,19
"Liepāja","vīrieši","Baltkrievu",5,0,1,0,0,0,0,1,0,1,0,0,0,0,0,1,1,0,0,0
"Liepāja","vīrieši","Ukraiņu",37,1,0,3,3,2,0,2,2,0,5,5,4,1,6,1,1,1,0,0
"Liepāja","vīrieši","Poļu",8,0,0,0,0,0,1,0,1,1,1,1,0,0,1,1,1,0,0,0
"Liepāja","vīrieši","Lietuviešu",132,3,2,3,2,8,7,3,8,9,12,14,7,8,6,19,12,6,1,2
"Liepāja","vīrieši","Cita valoda",85,9,5,5,8,9,6,5,10,6,4,10,0,4,1,3,0,0,0,0
"Liepāja","vīrieši","Nav norādīts",4199,270,267,204,218,339,422,395,373,363,379,309,220,151,110,75,51,41,11,1
"Liepāja","sievietes","Visas",42409,2074,2040,1674,2234,2719,2706,2433,2722,2705,2896,2928,2752,2692,2467,2963,1952,1528,721,203
"Liepāja","sievietes","Latviešu",21652,1252,1129,914,1355,1476,1370,1286,1448,1400,1279,1235,1145,1162,1459,1382,1062,804,373,121
"Liepāja","sievietes","Krievu",15978,548,629,547,637,883,866,784,956,967,1248,1350,1362,1297,814,1393,760,600,280,57
"Liepāja","sievietes","Baltkrievu",5,0,0,0,1,0,0,0,0,0,0,1,0,0,0,3,0,0,0,0
"Liepāja","sievietes","Ukraiņu",41,1,2,3,1,0,1,2,2,2,3,8,6,2,1,5,1,0,1,0
"Liepāja","sievietes","Poļu",13,0,1,0,0,0,1,1,1,1,0,0,0,2,1,1,2,1,0,1
"Liepāja","sievietes","Lietuviešu",184,2,1,5,3,7,6,5,5,12,15,13,7,14,23,19,22,17,5,3
"Liepāja","sievietes","Cita valoda",68,7,2,5,6,6,10,3,2,7,8,2,4,1,1,1,0,2,1,0
"Liepāja","sievietes","Nav norādīts",4468,264,276,200,231,347,452,352,308,316,343,319,228,214,168,159,105,104,61,21
"Rēzekne","abi","Visas",32328,1642,1516,1422,1746,2259,2263,2095,2278,2265,2481,2648,2195,1898,1476,1577,1209,851,402,105
"Rēzekne","abi","Latviešu",11284,665,562,550,788,865,767,676,739,765,842,812,622,474,554,556,486,356,174,31
"Rēzekne","abi","Krievu",18355,832,813,748,849,1156,1210,1173,1332,1286,1425,1599,1432,1298,845,952,671,461,206,67
"Rēzekne","abi","Baltkrievu",7,0,1,1,0,0,0,1,0,0,1,0,0,1,1,0,0,0,1,0
"Rēzekne","abi","Ukraiņu",4,1,0,0,0,0,1,0,0,1,0,0,1,0,0,0,0,0,0,0
"Rēzekne","abi","Poļu",46,2,2,2,2,5,2,1,2,2,3,5,2,0,3,7,3,2,0,1
"Rēzekne","abi","Lietuviešu",6,1,0,0,0,0,2,1,0,0,0,0,0,0,1,0,1,0,0,0
"Rēzekne","abi","Cita valoda",35,4,1,2,3,4,5,3,3,4,3,2,1,0,0,0,0,0,0,0
"Rēzekne","abi","Nav norādīts",2591,137,137,119,104,229,276,240,202,207,207,230,137,125,72,62,48,32,21,6
"Rēzekne","vīrieši","Visas",14465,861,783,749,879,1163,1152,1012,1089,1050,1147,1181,959,754,554,488,372,188,72,12
"Rēzekne","vīrieši","Latviešu",4968,354,287,288,402,447,383,318,324,351,383,365,266,168,184,167,166,78,33,4
"Rēzekne","vīrieši","Krievu",8230,429,432,404,424,601,622,581,648,595,655,712,622,535,336,297,191,105,33,8
"Rēzekne","vīrieši","Baltkrievu",4,0,1,1,0,0,0,1,0,0,0,0,0,0,1,0,0,0,0,0
"Rēzekne","vīrieši","Ukraiņu",1,0,0,0,0,0,0,0,0,1,0,0,0,0,0,0,0,0,0,0
"Rēzekne","vīrieši","Poļu",19,0,1,2,1,5,1,1,1,0,2,2,0,0,0,3,0,0,0,0
"Rēzekne","vīrieši","Lietuviešu",2,1,0,0,0,0,1,0,0,0,0,0,0,0,0,0,0,0,0,0
"Rēzekne","vīrieši","Cita valoda",17,2,0,1,1,4,1,1,2,2,1,2,0,0,0,0,0,0,0,0
"Rēzekne","vīrieši","Nav norādīts",1224,75,62,53,51,106,144,110,114,101,106,100,71,51,33,21,15,5,6,0
"Rēzekne","sievietes","Visas",17863,781,733,673,867,1096,1111,1083,1189,1215,1334,1467,1236,1144,922,1089,837,663,330,93
"Rēzekne","sievietes","Latviešu",6316,311,275,262,386,418,384,358,415,414,459,447,356,306,370,389,320,278,141,27
"Rēzekne","sievietes","Krievu",10125,403,381,344,425,555,588,592,684,691,770,887,810,763,509,655,480,356,173,59
"Rēzekne","sievietes","Baltkrievu",3,0,0,0,0,0,0,0,0,0,1,0,0,1,0,0,0,0,1,0
"Rēzekne","sievietes","Ukraiņu",3,1,0,0,0,0,1,0,0,0,0,0,1,0,0,0,0,0,0,0
"Rēzekne","sievietes","Poļu",27,2,1,0,1,0,1,0,1,2,1,3,2,0,3,4,3,2,0,1
"Rēzekne","sievietes","Lietuviešu",4,0,0,0,0,0,1,1,0,0,0,0,0,0,1,0,1,0,0,0
"Rēzekne","sievietes","Cita valoda",18,2,1,1,2,0,4,2,1,2,2,0,1,0,0,0,0,0,0,0
"Rēzekne","sievietes","Nav norādīts",1367,62,75,66,53,123,132,130,88,106,101,130,66,74,39,41,33,27,15,6
"Valmiera","abi","Visas",25130,1353,1227,1090,1605,2005,1797,1568,1682,1749,1773,1764,1541,1452,1372,1280,861,617,298,96
"Valmiera","abi","Latviešu",20238,1145,1009,917,1385,1665,1434,1220,1335,1412,1394,1361,1140,1068,1179,1032,716,494,257,75
"Valmiera","abi","Krievu",3040,94,104,89,113,168,163,192,202,198,235,272,285,304,140,211,120,100,33,17
"Valmiera","abi","Baltkrievu",5,0,0,0,0,0,0,0,0,0,1,0,0,1,0,1,1,0,0,1
"Valmiera","abi","Ukraiņu",6,0,0,0,0,0,0,0,0,0,0,3,3,0,0,0,0,0,0,0
"Valmiera","abi","Poļu",6,0,0,0,0,0,1,1,0,0,2,0,0,0,0,0,2,0,0,0
"Valmiera","abi","Lietuviešu",6,0,0,0,0,0,0,0,1,1,0,0,1,1,0,0,1,1,0,0
"Valmiera","abi","Cita valoda",102,6,7,10,11,6,10,7,8,10,5,2,6,2,6,1,3,1,1,0
"Valmiera","abi","Nav norādīts",1727,108,107,74,96,166,189,148,136,128,136,126,106,76,47,35,18,21,7,3
"Valmiera","vīrieši","Visas",11194,717,631,555,812,976,881,794,798,800,776,737,690,566,510,440,258,164,67,22
"Valmiera","vīrieši","Latviešu",8951,608,513,459,701,817,702,613,615,634,589,569,499,409,436,362,212,133,62,18
"Valmiera","vīrieši","Krievu",1351,46,59,51,56,84,91,103,105,94,113,111,137,118,52,66,34,23,4,4
"Valmiera","vīrieši","Baltkrievu",2,0,0,0,0,0,0,0,0,0,0,0,0,1,0,0,1,0,0,0
"Valmiera","vīrieši","Ukraiņu",3,0,0,0,0,0,0,0,0,0,0,1,2,0,0,0,0,0,0,0
"Valmiera","vīrieši","Poļu",3,0,0,0,0,0,1,0,0,0,1,0,0,0,0,0,1,0,0,0
"Valmiera","vīrieši","Lietuviešu",1,0,0,0,0,0,0,0,1,0,0,0,0,0,0,0,0,0,0,0
"Valmiera","vīrieši","Cita valoda",42,4,3,6,3,1,2,2,5,5,3,1,2,0,2,1,2,0,0,0
"Valmiera","vīrieši","Nav norādīts",841,59,56,39,52,74,85,76,72,67,70,55,50,38,20,11,8,8,1,0
"Valmiera","sievietes","Visas",13936,636,596,535,793,1029,916,774,884,949,997,1027,851,886,862,840,603,453,231,74
"Valmiera","sievietes","Latviešu",11287,537,496,458,684,848,732,607,720,778,805,792,641,659,743,670,504,361,195,57
"Valmiera","sievietes","Krievu",1689,48,45,38,57,84,72,89,97,104,122,161,148,186,88,145,86,77,29,13
"Valmiera","sievietes","Baltkrievu",3,0,0,0,0,0,0,0,0,0,1,0,0,0,0,1,0,0,0,1
"Valmiera","sievietes","Ukraiņu",3,0,0,0,0,0,0,0,0,0,0,2,1,0,0,0,0,0,0,0
"Valmiera","sievietes","Poļu",3,0,0,0,0,0,0,1,0,0,1,0,0,0,0,0,1,0,0,0
"Valmiera","sievietes","Lietuviešu",5,0,0,0,0,0,0,0,0,1,0,0,1,1,0,0,1,1,0,0
"Valmiera","sievietes","Cita valoda",60,2,4,4,8,5,8,5,3,5,2,1,4,2,4,0,1,1,1,0
"Valmiera","sievietes","Nav norādīts",886,49,51,35,44,92,104,72,64,61,66,71,56,38,27,24,10,13,6,3
"Ventspils","abi","Visas",38750,1969,1810,1791,2187,2616,2609,2407,2781,2743,2714,2887,2647,2469,2063,2313,1279,990,382,93
"Ventspils","abi","Latviešu",18955,1098,945,935,1241,1339,1289,1162,1319,1293,1161,1176,1112,1010,1172,1153,717,551,223,59
"Ventspils","abi","Krievu",14057,535,526,572,643,854,819,815,998,982,1115,1277,1200,1133,684,940,461,349,130,24
"Ventspils","abi","Baltkrievu",13,0,0,0,0,1,0,0,3,0,2,0,0,3,0,2,0,1,1,0
"Ventspils","abi","Ukraiņu",66,0,1,0,1,2,3,3,2,0,8,11,11,8,5,5,3,1,1,1
"Ventspils","abi","Poļu",8,0,0,0,0,0,0,2,0,1,0,0,0,1,0,2,1,1,0,0
"Ventspils","abi","Lietuviešu",25,1,1,3,0,0,1,1,2,4,0,1,2,4,1,4,0,0,0,0
"Ventspils","abi","Cita valoda",547,56,73,42,45,44,37,35,36,43,25,23,25,28,17,13,3,2,0,0
"Ventspils","abi","Nav norādīts",5079,279,264,239,257,376,460,389,421,420,403,399,297,282,184,194,94,85,27,9
"Ventspils","vīrieši","Visas",17448,982,913,885,1099,1355,1313,1177,1308,1348,1275,1343,1092,996,800,834,384,261,65,18
"Ventspils","vīrieši","Latviešu",8337,554,472,462,625,667,641,542,599,605,522,552,440,386,436,412,219,153,37,13
"Ventspils","vīrieši","Krievu",6356,270,266,285,326,469,425,409,477,500,528,572,492,465,278,344,135,85,27,3
"Ventspils","vīrieši","Baltkrievu",6,0,0,0,0,1,0,0,3,0,1,0,0,0,0,0,0,1,0,0
"Ventspils","vīrieši","Ukraiņu",31,0,0,0,1,1,1,2,1,0,3,7,5,3,3,3,0,1,0,0
"Ventspils","vīrieši","Poļu",3,0,0,0,0,0,0,2,0,1,0,0,0,0,0,0,0,0,0,0
"Ventspils","vīrieši","Lietuviešu",13,1,0,0,0,0,0,1,2,2,0,1,1,1,1,3,0,0,0,0
"Ventspils","vīrieši","Cita valoda",237,29,30,21,27,18,16,18,14,14,9,9,9,10,8,4,1,0,0,0
"Ventspils","vīrieši","Nav norādīts",2465,128,145,117,120,199,230,203,212,226,212,202,145,131,74,68,29,21,1,2
"Ventspils","sievietes","Visas",21302,987,897,906,1088,1261,1296,1230,1473,1395,1439,1544,1555,1473,1263,1479,895,729,317,75
"Ventspils","sievietes","Latviešu",10618,544,473,473,616,672,648,620,720,688,639,624,672,624,736,741,498,398,186,46
"Ventspils","sievietes","Krievu",7701,265,260,287,317,385,394,406,521,482,587,705,708,668,406,596,326,264,103,21
"Ventspils","sievietes","Baltkrievu",7,0,0,0,0,0,0,0,0,0,1,0,0,3,0,2,0,0,1,0
"Ventspils","sievietes","Ukraiņu",35,0,1,0,0,1,2,1,1,0,5,4,6,5,2,2,3,0,1,1
"Ventspils","sievietes","Poļu",5,0,0,0,0,0,0,0,0,0,0,0,0,1,0,2,1,1,0,0
"Ventspils","sievietes","Lietuviešu",12,0,1,3,0,0,1,0,0,2,0,0,1,3,0,1,0,0,0,0
"Ventspils","sievietes","Cita valoda",310,27,43,21,18,26,21,17,22,29,16,14,16,18,9,9,2,2,0,0
"Ventspils","sievietes","Nav norādīts",2614,151,119,122,137,177,230,186,209,194,191,197,152,151,110,126,65,64,26,7
